String,Addr,valveStart,valveEnd
B,0x01,1744997400000,1745001000000
B,0x02,1744997400000,1745001000000
B,0x03,1744997400000,1745001000000
B,0x04,1744997400000,1745001000000
B,0x05,1744997400000,1745001000000
B,0x06,1744997400000,1745001000000
B,0x01,1744996980000,1745000580000
B,0x02,1744996980000,1745000580000
B,0x03,1744996980000,1745000580000
B,0x04,1744996980000,1745000580000
B,0x05,1744996980000,1745000580000
B,0x06,1744996980000,1745000580000
B,0x01,1744993800000,1744997400000
B,0x02,1744993800000,1744997400000
B,0x03,1744993800000,1744997400000
B,0x04,1744993800000,1744997400000
B,0x05,1744993800000,1744997400000
B,0x06,1744993800000,1744997400000
