Start Date,Hours,Time of Action,String,Node
02/03/2025,01:30 PM,1,A,1
02/03/2025,01:30 PM,1,A,2
02/03/2025,01:20 PM,1,A,1
02/03/2025,1,1:00 PM,A,2
02/03/2025,1,1:00 PM,A,3
02/03/2025,1,11:48 AM,A,1
02/03/2025,1,11:48 AM,A,2
01/31/2025,2,10:25 AM,A,1
01/31/2025,2,10:25 AM,A,2
01/31/2025,2,10:25 AM,A,3
01/31/2025,2,10:25 AM,A,4
01/31/2025,2,10:25 AM,A,5
01/31/2025,2,10:25 AM,A,6
01/29/2025,2,10:23 PM,A,5
01/29/2025,2,10:23 PM,A,6
01/28/2025,2,12:00 AM,A,5
01/28/2025,2,10:00 AM,A,4
01/28/2025,2,9:30 AM,B,2
01/13/2025,1,08:07 AM,A,1
01/13/2025,1,08:07 AM,A,3
01/13/2025,1,08:07 AM,A,5
